guilherme henrique,(14)912345678,guilhermeteste@teste.com,Av. Pássaros
Joao,(24)912345677,joao@teste.com,Av. Perdizes
Joana,(34)912345676,Joana@teste.com,Av. Alface
Pedro,(44)912345675,pedro@teste.com,Av. Batata
Danilo pereira,(54)912345674,danilo@teste.com,Av. Aladim
Andreia,(64)912345673,andreia@teste.com,Av. Pimpolho
Jefinho Mangaba,(74)912345672,jefinho@teste.com,Av. Legando
Samanta,(84)912345671,samanta@teste.com,Av. Andes
Gabriela Lemos,(94)912345648,gabi@teste.com,Av. Pássaros
Leticia,(30)912345698,lets@teste.com,Av. Jets
